{
  "wall": {
    "UKC": 0.9333333333,
    "UKD": 0.9523809524,
    "UKE": 0.56,
    "UKF": 0.75,
    "UKG": 0.7407407407,
    "UKH": 0.8333333333,
    "UKI": null,
    "UKJ": 0.7,
    "UKK": 0.8260869565
  },
  "tower": {
    "UKC": 0.7,
    "UKD": 0.5714285714,
    "UKE": 0.64,
    "UKF": 0.875,
    "UKG": 0.6296296296,
    "UKH": 0.6666666667,
    "UKI": null,
    "UKJ": 0.6,
    "UKK": 0.652173913
  },
  "window": {
    "UKC": 0.7666666667,
    "UKD": 0.7142857143,
    "UKE": 0.64,
    "UKF": 0.75,
    "UKG": 0.4814814815,
    "UKH": 0.5,
    "UKI": null,
    "UKJ": 0.5333333333,
    "UKK": 0.5652173913
  },
  "castle": {
    "UKC": 0.5,
    "UKD": 0.380952381,
    "UKE": 0.64,
    "UKF": 0.75,
    "UKG": 0.7037037037,
    "UKH": 0.75,
    "UKI": null,
    "UKJ": 0.5666666667,
    "UKK": 0.6956521739
  },
  "side": {
    "UKC": 0.6333333333,
    "UKD": 0.3333333333,
    "UKE": 0.56,
    "UKF": 0.75,
    "UKG": 0.5555555556,
    "UKH": 0.5833333333,
    "UKI": null,
    "UKJ": 0.5666666667,
    "UKK": 0.7391304348
  },
  "storey": {
    "UKC": 0.6333333333,
    "UKD": 0.4285714286,
    "UKE": 0.44,
    "UKF": 0.5625,
    "UKG": 0.4259259259,
    "UKH": 0.4166666667,
    "UKI": null,
    "UKJ": 0.5,
    "UKK": 0.4347826087
  },
  "floor": {
    "UKC": 0.7333333333,
    "UKD": 0.380952381,
    "UKE": 0.56,
    "UKF": 0.5625,
    "UKG": 0.3703703704,
    "UKH": 0.5833333333,
    "UKI": null,
    "UKJ": 0.3333333333,
    "UKK": 0.347826087
  },
  "building": {
    "UKC": 0.3666666667,
    "UKD": 0.619047619,
    "UKE": 0.28,
    "UKF": 0.3125,
    "UKG": 0.3148148148,
    "UKH": 0.4166666667,
    "UKI": null,
    "UKJ": 0.5666666667,
    "UKK": 0.5217391304
  },
  "remains": {
    "UKC": 0.4333333333,
    "UKD": 0.2380952381,
    "UKE": 0.32,
    "UKF": 0.375,
    "UKG": 0.537037037,
    "UKH": 0.5,
    "UKI": null,
    "UKJ": 0.3,
    "UKK": 0.6086956522
  },
  "arch": {
    "UKC": 0.5666666667,
    "UKD": 0.2857142857,
    "UKE": 0.4,
    "UKF": 0.5625,
    "UKG": 0.2962962963,
    "UKH": 0.4166666667,
    "UKI": null,
    "UKJ": 0.3333333333,
    "UKK": 0.3913043478
  },
  "part": {
    "UKC": 0.3666666667,
    "UKD": 0.5714285714,
    "UKE": 0.24,
    "UKF": 0.5625,
    "UKG": 0.3518518519,
    "UKH": 0.5,
    "UKI": null,
    "UKJ": 0.4666666667,
    "UKK": 0.3043478261
  },
  "doorway": {
    "UKC": 0.4666666667,
    "UKD": 0.2380952381,
    "UKE": 0.36,
    "UKF": 0.5,
    "UKG": 0.3518518519,
    "UKH": 0.5833333333,
    "UKI": null,
    "UKJ": 0.3333333333,
    "UKK": 0.347826087
  },
  "roof": {
    "UKC": 0.4666666667,
    "UKD": 0.4761904762,
    "UKE": 0.24,
    "UKF": 0.5625,
    "UKG": 0.2962962963,
    "UKH": 0.1666666667,
    "UKI": null,
    "UKJ": 0.3,
    "UKK": 0.4782608696
  },
  "plan": {
    "UKC": 0.3,
    "UKD": 0.1904761905,
    "UKE": 0.2,
    "UKF": 0.5625,
    "UKG": 0.3518518519,
    "UKH": 0.6666666667,
    "UKI": null,
    "UKJ": 0.3,
    "UKK": 0.3913043478
  },
  "end": {
    "UKC": 0.4,
    "UKD": 0.2857142857,
    "UKE": 0.16,
    "UKF": 0.4375,
    "UKG": 0.3333333333,
    "UKH": 0.4166666667,
    "UKI": null,
    "UKJ": 0.3333333333,
    "UKK": 0.3913043478
  },
  "fireplace": {
    "UKC": 0.3666666667,
    "UKD": 0.1428571429,
    "UKE": 0.4,
    "UKF": 0.375,
    "UKG": 0.3518518519,
    "UKH": 0.3333333333,
    "UKI": null,
    "UKJ": 0.2333333333,
    "UKK": 0.347826087
  },
  "corner": {
    "UKC": 0.4333333333,
    "UKD": 0.0476190476,
    "UKE": 0.2,
    "UKF": 0.4375,
    "UKG": 0.2592592593,
    "UKH": 0.5,
    "UKI": null,
    "UKJ": 0.4,
    "UKK": 0.2608695652
  },
  "stone": {
    "UKC": 0.6,
    "UKD": 0.380952381,
    "UKE": 0.08,
    "UKF": 0.5,
    "UKG": 0.1296296296,
    "UKH": 0.4166666667,
    "UKI": null,
    "UKJ": 0.4,
    "UKK": 0.347826087
  },
  "entrance": {
    "UKC": 0.2,
    "UKD": 0.3333333333,
    "UKE": 0.28,
    "UKF": 0.375,
    "UKG": 0.2407407407,
    "UKH": 0.4166666667,
    "UKI": null,
    "UKJ": 0.3333333333,
    "UKK": 0.347826087
  },
  "room": {
    "UKC": 0.4,
    "UKD": 0.1904761905,
    "UKE": 0.2,
    "UKF": 0.375,
    "UKG": 0.2592592593,
    "UKH": 0.3333333333,
    "UKI": null,
    "UKJ": 0.4,
    "UKK": 0.2173913043
  },
  "parapet": {
    "UKC": 0.3333333333,
    "UKD": 0.380952381,
    "UKE": 0.16,
    "UKF": 0.5,
    "UKG": 0.2037037037,
    "UKH": 0.3333333333,
    "UKI": null,
    "UKJ": 0.3333333333,
    "UKK": 0.2173913043
  },
  "gatehouse": {
    "UKC": 0.4333333333,
    "UKD": 0.1428571429,
    "UKE": 0.24,
    "UKF": 0.375,
    "UKG": 0.2777777778,
    "UKH": 0.3333333333,
    "UKI": null,
    "UKJ": 0.1333333333,
    "UKK": 0.3913043478
  },
  "Interior": {
    "UKC": 0.5,
    "UKD": 0.0952380952,
    "UKE": 0.44,
    "UKF": 0.375,
    "UKG": 0.1666666667,
    "UKH": 0.25,
    "UKI": null,
    "UKJ": 0.3,
    "UKK": 0.2608695652
  },
  "hall": {
    "UKC": 0.2333333333,
    "UKD": 0.2857142857,
    "UKE": 0.16,
    "UKF": 0.375,
    "UKG": 0.2962962963,
    "UKH": 0.3333333333,
    "UKI": null,
    "UKJ": 0.2666666667,
    "UKK": 0.3043478261
  },
  "opening": {
    "UKC": 0.2666666667,
    "UKD": 0.1904761905,
    "UKE": 0.4,
    "UKF": 0.5,
    "UKG": 0.2222222222,
    "UKH": 0.5,
    "UKI": null,
    "UKJ": 0.2,
    "UKK": 0.2608695652
  },
  "house": {
    "UKC": 0.2666666667,
    "UKD": 0.380952381,
    "UKE": 0.12,
    "UKF": 0.375,
    "UKG": 0.2962962963,
    "UKH": 0.25,
    "UKI": null,
    "UKJ": 0.2666666667,
    "UKK": 0.3043478261
  },
  "site": {
    "UKC": 0.1666666667,
    "UKD": 0.2857142857,
    "UKE": 0.08,
    "UKF": 0.1875,
    "UKG": 0.3888888889,
    "UKH": 0.5,
    "UKI": null,
    "UKJ": 0.2333333333,
    "UKK": 0.4782608696
  },
  "turret": {
    "UKC": 0.5333333333,
    "UKD": 0.3333333333,
    "UKE": 0.24,
    "UKF": 0.25,
    "UKG": 0.1851851852,
    "UKH": 0.3333333333,
    "UKI": null,
    "UKJ": 0.2,
    "UKK": 0.1739130435
  },
  "rubble": {
    "UKC": 0.1,
    "UKD": 0.1904761905,
    "UKE": 0.32,
    "UKF": 0.25,
    "UKG": 0.3333333333,
    "UKH": 0.25,
    "UKI": null,
    "UKJ": 0.2,
    "UKK": 0.4782608696
  },
  "east": {
    "UKC": 0.2666666667,
    "UKD": 0.0476190476,
    "UKE": 0.08,
    "UKF": 0.4375,
    "UKG": 0.3518518519,
    "UKH": 0.4166666667,
    "UKI": null,
    "UKJ": 0.3,
    "UKK": 0.2608695652
  },
  "range": {
    "UKC": 0.4,
    "UKD": 0.1904761905,
    "UKE": 0.28,
    "UKF": 0.3125,
    "UKG": 0.1481481481,
    "UKH": 0.25,
    "UKI": null,
    "UKJ": 0.2333333333,
    "UKK": 0.4782608696
  },
  "door": {
    "UKC": 0.4,
    "UKD": 0.1904761905,
    "UKE": 0.28,
    "UKF": 0.375,
    "UKG": 0.2592592593,
    "UKH": 0.0833333333,
    "UKI": null,
    "UKJ": 0.2666666667,
    "UKK": 0.2173913043
  },
  "plinth": {
    "UKC": 0.2666666667,
    "UKD": 0.2857142857,
    "UKE": 0.24,
    "UKF": 0.4375,
    "UKG": 0.2407407407,
    "UKH": 0.25,
    "UKI": null,
    "UKJ": 0.2666666667,
    "UKK": 0.2173913043
  },
  "keep": {
    "UKC": 0.2,
    "UKD": 0.1428571429,
    "UKE": 0.16,
    "UKF": 0.1875,
    "UKG": 0.2962962963,
    "UKH": 0.5,
    "UKI": null,
    "UKJ": 0.2333333333,
    "UKK": 0.2608695652
  },
  "bay": {
    "UKC": 0.3,
    "UKD": 0.3333333333,
    "UKE": 0.28,
    "UKF": 0.4375,
    "UKG": 0.1666666667,
    "UKH": 0.3333333333,
    "UKI": null,
    "UKJ": 0.2666666667,
    "UKK": 0.1739130435
  },
  "south": {
    "UKC": 0.3333333333,
    "UKD": 0.0952380952,
    "UKE": 0.08,
    "UKF": 0.25,
    "UKG": 0.2592592593,
    "UKH": 0.3333333333,
    "UKI": null,
    "UKJ": 0.3666666667,
    "UKK": 0.2173913043
  },
  "head": {
    "UKC": 0.3333333333,
    "UKD": 0.2857142857,
    "UKE": 0.08,
    "UKF": 0.5,
    "UKG": 0.2222222222,
    "UKH": 0.3333333333,
    "UKI": null,
    "UKJ": 0.1333333333,
    "UKK": 0.2173913043
  },
  "light": {
    "UKC": 0.3333333333,
    "UKD": 0.1904761905,
    "UKE": 0.24,
    "UKF": 0.375,
    "UKG": 0.2407407407,
    "UKH": 0.25,
    "UKI": null,
    "UKJ": 0.1333333333,
    "UKK": 0.1739130435
  },
  "buttress": {
    "UKC": 0.3333333333,